{
  "cars": [
    {
      "id": 1,
      "brand": "Ford",
      "model": "Mustang",
      "production_year": 1972,
      "convertible": false
    },
    {
      "id": 2,
      "brand": "Chevrolet",
      "model": "Camaro",
      "production_year": 1988,
      "convertible": true
    },
    {
      "id": 3,
      "brand": "Aston Martin",
      "model": "Rapide",
      "production_year": 2010,
      "convertible": false
    },
    {
      "id": 4,
      "brand": "Maserati",
      "model": "Mexico",
      "production_year": 1970,
      "convertible": false
    },
    {
      "id": 5,
      "brand": "Nissan",
      "model": "Fairlady",
      "production_year": 1974,
      "convertible": false
    },
    {
      "id": 6,
      "brand": "Mercedes Benz",
      "model": "300SL",
      "production_year": 1967,
      "convertible": true
    }
  ]
}